{
  "data_path": "D:\\POLTEKSSN\\TINGKAT 3\\SEM 1\\Rekayasa Sosial\\GuardSurfing-Extension-for-URL-Phishing\\back-end\\dataset_merged.csv",
  "models": {
    "logreg": {
      "threshold": 0.45000000000000007,
      "train_tuning": {
        "threshold": 0.45000000000000007,
        "f1": 0.9006004002668445,
        "recall": 0.9012016021361816,
        "precision": 0.9
      },
      "metrics": {
        "accuracy": 0.9028230184581976,
        "precision": 0.9091858037578288,
        "recall": 0.9044652128764278,
        "f1": 0.9068193649141072,
        "roc_auc": 0.9698178450211878,
        "pr_auc": 0.9751215266078466,
        "confusion_matrix": [
          [
            792,
            87
          ],
          [
            92,
            871
          ]
        ],
        "f1_CI95": [
          0.892171770503344,
          0.9195796808645396
        ],
        "recall_CI95": [
          0.8844502188918433,
          0.9229212580348943
        ]
      }
    },
    "linear_svm": {
      "threshold": 0.4,
      "train_tuning": {
        "threshold": 0.4,
        "f1": 0.9027134348113832,
        "recall": 0.910547396528705,
        "precision": 0.89501312335958
      },
      "metrics": {
        "accuracy": 0.9028230184581976,
        "precision": 0.9016393442622951,
        "recall": 0.9138110072689511,
        "f1": 0.9076843733883445,
        "roc_auc": 0.9704303838143269,
        "pr_auc": 0.9753698898482639,
        "confusion_matrix": [
          [
            783,
            96
          ],
          [
            83,
            880
          ]
        ],
        "f1_CI95": [
          0.8926258090036665,
          0.9204240498202362
        ],
        "recall_CI95": [
          0.8950512182150318,
          0.9316487610679367
        ]
      }
    },
    "rf": {
      "threshold": 0.4,
      "train_tuning": {
        "threshold": 0.4,
        "f1": 0.981651376146789,
        "recall": 1.0,
        "precision": 0.963963963963964
      },
      "metrics": {
        "accuracy": 0.9299674267100977,
        "precision": 0.9220647773279352,
        "recall": 0.9460020768431984,
        "f1": 0.9338800615069195,
        "roc_auc": 0.9823710508377664,
        "pr_auc": 0.9838022859570725,
        "confusion_matrix": [
          [
            802,
            77
          ],
          [
            52,
            911
          ]
        ],
        "f1_CI95": [
          0.9219903735488645,
          0.9447195671041059
        ],
        "recall_CI95": [
          0.9305978094332654,
          0.9593728703829904
        ]
      }
    },
    "xgb": {
      "threshold": 0.55,
      "train_tuning": {
        "threshold": 0.55,
        "f1": 0.9719037986064284,
        "recall": 0.9621717846016912,
        "precision": 0.9818346957311535
      },
      "metrics": {
        "accuracy": 0.9332247557003257,
        "precision": 0.9439746300211417,
        "recall": 0.9273104880581516,
        "f1": 0.9355683603981142,
        "roc_auc": 0.9904539638997871,
        "pr_auc": 0.9913158657173282,
        "confusion_matrix": [
          [
            826,
            53
          ],
          [
            70,
            893
          ]
        ],
        "f1_CI95": [
          0.92331676017999,
          0.9468702337698098
        ],
        "recall_CI95": [
          0.9100972074485127,
          0.943231623359747
        ]
      }
    }
  },
  "mcnemar_best_vs_second": {
    "b01": 33,
    "b10": 27,
    "p_value": 0.5189580031896519
  },
  "best": {
    "name": "xgb",
    "threshold": 0.55,
    "model_path": "D:\\POLTEKSSN\\TINGKAT 3\\SEM 1\\Rekayasa Sosial\\GuardSurfing-Extension-for-URL-Phishing\\back-end\\models\\xgb_20250820-113647.joblib"
  }
}